name,median,units,distribution,dist_param1,dist_param2,lower_bound,upper_bound
k_Treg_pro,0.05,1/day,lognormal,-2.995732273553991,1.2,0.004535897664470626,0.5511588190320801
k_Treg_death,0.1,1/day,lognormal,-2.3025850929940455,1.2,0.009071795328941252,1.1023176380641602
q_CD8_T_in,5.8e-05,1/(centimeter^3*minute),lognormal,-9.755067547417855,1.2,5.261641290785926e-06,0.0006393442300772128
q_Treg_T_in,5.8e-05,1/(centimeter^3*minute),lognormal,-9.755067547417855,1.2,5.261641290785926e-06,0.0006393442300772128
k_TGFb_Tsec,1.2e-10,nanomole/cell/day,lognormal,-22.843529373146502,0.7,2.959163567299278e-11,4.86623996021361e-10
k_CCL2_sec,2e-10,nanomole/cell/day,lognormal,-22.33270374938051,0.7,4.93193927883213e-11,8.11039993368935e-10
k_MDSC_rec,35000.0,cell/(milliliter*day),lognormal,10.46310334047155,0.7,8630.893737956227,141931.9988395636
k_Mac_rec,450000.0,cell/(milliliter*day),lognormal,13.017002861746503,0.7,110968.63377372292,1824839.9850801036
k_M2_pol,0.1,1/day,lognormal,-2.3025850929940455,1.0,0.013533528323661271,0.7389056098930651
k_M1_pol,0.045,1/day,lognormal,-3.101092789211817,1.0,0.006090087745647572,0.33250752445187925
k_CD8,0.1,1/day,lognormal,-2.3025850929940455,1.0,0.013533528323661271,0.7389056098930651
k_Tcell_ECM,0.02,1/day,lognormal,-3.912023005428146,1.0,0.0027067056647322543,0.147781121978613
initial_tumour_diameter,3.2,centimeter,lognormal,1.1631508098056809,1.0,0.4329189554988839,23.645063039883424
k_C1_growth,0.0066,1/day,lognormal,-5.0206856299497575,0.7,0.0016275399620146029,0.026764319781174852
K0,10300.0,cell,lognormal,9.239899174217728,0.7,2539.948728598547,41768.55965850015
N_IL2_CD4,8.5,dimensionless,lognormal,2.1400661634962708,0.5,3.12697524995726,23.105395541901885
N_IL2_CD8,11.0,dimensionless,lognormal,2.3978952727983707,0.5,4.046673852885865,29.901100113049495
n_CD8_clones,120.0,dimensionless,lognormal,4.787491742782046,1.2,10.88423838364222,1322.8378166571722
n_Treg_clones,100.0,dimensionless,lognormal,4.605170185988092,1.2,9.071795328941252,1102.3176380641601
ECM_50_Kmax,300.0,milligram/milliliter,lognormal,5.703782474656201,1.2,27.215385986823755,3306.9529141924804
k_ECM_apsc_sec,1.035e-06,milligram/(cell*day),lognormal,-13.78110913124694,0.7,2.552278576795627e-07,4.197131965684238e-06
k_ECM_qpsc_sec,3.45e-07,milligram/(cell*day),lognormal,-14.879721419915052,0.7,8.507595255985423e-08,1.3990439885614126e-06
k_psc_activation,0.6,1/day,lognormal,-0.5108256237659907,1.0,0.08120116994196762,4.43343365935839
f_ECM_50_T_exh,0.2,dimensionless,lognormal,-1.6094379124341005,1.0,0.027067056647322542,1.4778112197861302
f_ECM_50_T_mot,0.06,dimensionless,lognormal,-2.8134107167600364,1.0,0.008120116994196762,0.443343365935839
k_ECM_deg,0.035,1/day,lognormal,-3.3524072174927233,0.5,0.012875780441000483,0.09513986399606658
k_qpsc_death,0.0165,1/day,lognormal,-4.104394898075602,0.5,0.006070010779328799,0.04485165016957424
k_apsc_death,0.0165,1/day,lognormal,-4.104394898075602,0.5,0.006070010779328799,0.04485165016957424
R50_Treg,0.31,dimensionless,lognormal,-1.171182981502945,1.0,0.04195393780334994,2.2906073906685016
k_psc_encounter,1000000.0,cell/(milliliter*day),lognormal,13.815510557964274,1.0,135335.2832366127,7389056.09893065
k_psc_const,2000000.0,cell/milliliter,lognormal,14.50865773852422,1.0,270670.5664732254,14778112.1978613
k_vas_Csec,0.004,picogram/cell/day,lognormal,-5.521460917862246,0.7,0.000986387855766426,0.016220799867378698
k_vas_deg,16.6,1/day,lognormal,2.8094026953624978,0.5,6.1067987234459435,45.12347835242015
c_vas_50,2410.0,picogram/milliliter,lognormal,7.787382026484701,0.7,594.2986830992717,9773.031920095666
k_CD8_pro,1.0,1/day,lognormal,0.0,0.5,0.36787944117144233,2.718281828459045
k_CD8_death,0.01,1/day,lognormal,-4.605170185988091,0.5,0.0036787944117144234,0.027182818284590453
k_TGFb_sec_apsc,2e-11,nanomolarity*liter/(cell*day),lognormal,-24.635288842374557,1.0,2.7067056647322537e-12,1.47781121978613e-10
TGFbase,0.016,nanomolarity,lognormal,-4.135166556742356,0.7,0.003945551423065704,0.06488319946951479
k_CCL2_deg,0.06,1/hour,lognormal,-2.8134107167600364,0.5,0.02207276647028654,0.1630969097075427
k_C1_death,0.0001,1/day,lognormal,-9.210340371976182,0.7,2.465969639416065e-05,0.00040551999668446745
k_Th_Treg,0.022,1/day,lognormal,-3.816712825623821,0.7,0.005425133206715342,0.08921439927058283
k_MDSC_death,0.015,1/day,lognormal,-4.199705077879927,0.7,0.003698954459124097,0.060827999502670115
k_APC_mat,1.5,1/day,lognormal,0.4054651081081644,0.7,0.36989549591240974,6.0827999502670115
k_PDGF_sec,2e-11,nanomolarity*liter/(cell*day),lognormal,-24.635288842374557,1.0,2.7067056647322537e-12,1.47781121978613e-10
k_IL6_sec_apsc,4e-11,nanomolarity*liter/(cell*day),lognormal,-23.942141661814613,1.0,5.4134113294645074e-12,2.95562243957226e-10
k_Mac_death,0.02,1/day,lognormal,-3.912023005428146,0.7,0.004931939278832129,0.08110399933689349
k_Treg_act,5.0,1/day,lognormal,1.6094379124341005,1.0,0.6766764161830635,36.945280494653254
C1_PDL1_base,120000.0,molecule,lognormal,11.695247021764184,1.0,16240.233988393524,886686.731871678
CCL2_50,0.23,nanomolarity,lognormal,-1.4696759700589417,0.7,0.056717301706569495,0.9326959923742751
TGFb_50,0.07,nanomolarity,lognormal,-2.659260036932778,0.7,0.017261787475912456,0.28386399767912723
k_APC_mig,4.0,1/day,lognormal,1.3862943611198906,0.7,0.9863878557664259,16.220799867378698
k_Th_act,10.0,1/day,lognormal,2.302585092994046,0.7,2.465969639416065,40.55199966844675
EC50_GMCSF,0.5,nanomolarity,lognormal,-0.6931471805599453,1.0,0.06766764161830635,3.694528049465325
PD1_50,6.0,dimensionless,lognormal,1.791759469228055,0.7,1.479581783649639,24.331199801068045
r_PDL1_IFNg,6.0,dimensionless,lognormal,1.791759469228055,0.7,1.479581783649639,24.331199801068045
k_IFNg_deg,7.68,1/day,lognormal,2.038619547159581,0.5,2.825314108196677,20.876404442565466
IFNg_50,2.9,nanomolarity,lognormal,1.0647107369924282,0.7,0.7151311954306588,11.760079903849556
k_IL2_sec,3e-05,nanomole/cell/day,lognormal,-10.41431317630212,0.7,7.3979089182481945e-06,0.00012165599900534024
k_IL2_deg,0.2,1/day,lognormal,-1.6094379124341005,0.5,0.07357588823428847,0.5436563656918091
IL2_50_Treg,0.32,nanomolarity,lognormal,-1.1394342831883648,0.5,0.11772142117486155,0.8698501851068945
k_IL10_sec,3e-12,nanomole/cell/day,lognormal,-26.53240882726044,0.7,7.397908918248196e-13,1.2165599900534024e-11
IL10_50,8.0,nanomolarity,lognormal,2.0794415416798357,0.7,1.972775711532852,32.441599734757396
k_CD4_pro,1.0,1/day,lognormal,0.0,0.5,0.36787944117144233,2.718281828459045
k_CD4_death,0.01,1/day,lognormal,-4.605170185988091,0.5,0.0036787944117144234,0.027182818284590453
k_M1_phago,0.33,1/day,lognormal,-1.1086626245216111,0.7,0.08137699810073014,1.3382159890587426
k_apsc_prolif,0.15,1/day,lognormal,-1.8971199848858813,1.0,0.020300292485491905,1.1083584148395975
k_TGFb_Msec,2e-11,nanomole/cell/day,lognormal,-24.635288842374557,0.7,4.931939278832129e-12,8.110399933689348e-11
k_Treg,0.1,1/day,lognormal,-2.3025850929940455,1.0,0.013533528323661271,0.7389056098930651
TGFb_50_Teff,0.14,nanomolarity,lognormal,-1.9661128563728327,0.7,0.03452357495182491,0.5677279953582545
K_Mac_C,2.0,dimensionless,lognormal,0.6931471805599453,1.0,0.2706705664732254,14.7781121978613
k_IL12_sec,8.5e-12,nanomole/cell/day,lognormal,-25.49095495243228,0.7,2.096074193503655e-12,3.4469199718179735e-11
k_IL12_Msec,5e-13,nanomole/cell/day,lognormal,-28.324168296488494,0.7,1.2329848197080323e-13,2.027599983422337e-12
k_CXCL12_sec,1e-10,nanomolarity*liter/(cell*day),lognormal,-23.025850929940457,1.2,9.071795328941251e-12,1.1023176380641602e-09
CXCL12_50_Texcl,0.025,nanomolarity,lognormal,-3.688879454113936,1.2,0.002267948832235313,0.27557940951604004
APC0_T,2700000.0,cell/milliliter,lognormal,14.808762330974558,0.7,665811.8026423375,10949039.91048062
k_cell_clear,0.1,1/day,lognormal,-2.3025850929940455,1.0,0.013533528323661271,0.7389056098930651
N0,2.0,dimensionless,lognormal,0.6931471805599453,0.5,0.7357588823428847,5.43656365691809
N_costim,3.0,dimensionless,lognormal,1.0986122886681098,0.5,1.103638323514327,8.154845485377136
k_IL2_cons,6e-06,nanomole/cell/hour,lognormal,-12.02375108873622,0.7,1.479581783649639e-06,2.433119980106805e-05
IL2_50,0.32,nanomolarity,lognormal,-1.1394342831883648,0.5,0.11772142117486155,0.8698501851068945
Q_nTreg_thym,70000000.0,cell/day,lognormal,18.064005800013632,1.0,9474269.826562888,517233926.92514545
Q_nCD8_thym,35000000.0,cell/day,lognormal,17.37085861945369,1.0,4736734.913281444,258616963.46257275
APC0_LN,1200000.0,cell/milliliter,lognormal,13.997832114758229,0.7,295916.35672992776,4866239.960213609
k_mAPC_death,0.02,1/day,lognormal,-3.912023005428146,0.7,0.004931939278832129,0.08110399933689349
k_NO_sec,4.8e-07,nanomole/cell/day,lognormal,-14.549479733044477,0.7,1.1836654269197111e-07,1.9464959840854438e-06
k_ArgI_sec,1.1e-10,nanomole/cell/day,lognormal,-22.93054075013613,0.7,2.7125666033576712e-11,4.4607199635291416e-10
ArgI_50_Teff,0.42,nanomolarity,lognormal,-0.8675005677047231,0.7,0.10357072485547472,1.7031839860747633
NO_50_Teff,0.75,nanomolarity,lognormal,-0.2876820724517809,0.7,0.18494772295620487,3.0413999751335057
ArgI_50_Treg,0.36,nanomolarity,lognormal,-1.0216512475319814,1.0,0.04872070196518057,2.660060195615034
k_IFNg_Tsec,4e-12,nanomole/cell/day,lognormal,-26.244726754808656,0.7,9.863878557664259e-13,1.6220799867378698e-11
k_K_g,7.37,1/day,lognormal,1.9974177062012453,1.0,0.9974210374538356,54.457343449118895
Kc_rec,20200000.0,cell^2,lognormal,16.821193162371433,1.0,2733772.7213795767,149258933.19839913
k_vas_Msec,1.7e-05,picogram/cell/day,lognormal,-10.982297213908058,0.7,4.19214838700731e-06,6.893839943635947e-05
IL12_50,0.14,picomolarity,lognormal,-1.9661128563728327,0.7,0.03452357495182491,0.5677279953582545
PDGF_50,0.1,nanomolarity,lognormal,-2.3025850929940455,1.2,0.009071795328941252,1.1023176380641602
IL6_50_MDSC,0.02,nanomolarity,lognormal,-3.912023005428146,1.2,0.0018143590657882503,0.22046352761283203
IL6_50_M2,1.0,nanomolarity,lognormal,0.0,1.2,0.09071795328941251,11.023176380641601
k_vas_apsc_sec,8.5e-06,picogram/cell/day,lognormal,-11.675444394468004,1.0,1.150349907511208e-06,6.280697684091052e-05
k_GVAX_clearance,0.1,1/day,lognormal,-2.3025850929940455,1.0,0.013533528323661271,0.7389056098930651
k_GMCSF_prod,1e-08,nanomolarity/cell/day,lognormal,-18.420680743952367,1.0,1.353352832366127e-09,7.38905609893065e-08
k_GMCSF_deg,5.0,1/day,lognormal,1.6094379124341005,0.5,1.8393972058572117,13.591409142295225
k_APC_recruit_ID,100000.0,cell/day,lognormal,11.512925464970229,1.0,13533.52832366127,738905.6098930651
k_APC_mature_ID,0.7,1/day,lognormal,-0.3566749439387324,1.0,0.09473469826562889,5.172339269251455
EC50_P1_mature,10.0,nanomolarity,lognormal,2.302585092994046,1.0,1.353352832366127,73.89056098930651
k_APC_mig_ID_LN,0.7,1/day,lognormal,-0.3566749439387324,1.0,0.09473469826562889,5.172339269251455
K_mig,100000.0,cell,lognormal,11.512925464970229,1.0,13533.52832366127,738905.6098930651
y_Ag_per_cell,1.7e-08,nanomole/cell,lognormal,-17.890052492890195,1.0,2.300699815022416e-09,1.2561395368182107e-07
k_P1_deg_ID,10.0,1/day,lognormal,2.302585092994046,1.0,1.353352832366127,73.89056098930651
k_Cy_clear,0.5,1/day,lognormal,-0.6931471805599453,0.7,0.12329848197080324,2.0275999834223373
k_Cy_Treg_deplete,0.5,1/day,lognormal,-0.6931471805599453,1.0,0.06766764161830635,3.694528049465325
Cy_50_Treg,50.0,milligram,lognormal,3.912023005428146,0.7,12.329848197080324,202.75999834223373
k_T_activation_per_APC,5e-07,1/(day*cell),lognormal,-14.50865773852422,1.0,6.766764161830635e-08,3.694528049465325e-06
n_T_expansion_burst,800.0,dimensionless,lognormal,6.684611727667927,0.7,197.27757115328518,3244.1599734757397
v_T_search_volume,1e-05,millimeter^3/day,lognormal,-11.512925464970229,1.0,1.353352832366127e-06,7.389056098930651e-05
p_T_kill_per_contact,0.45,dimensionless,lognormal,-0.7985076962177716,0.7,0.11096863377372292,1.8248399850801036
k_CD8_basal_exh,0.05,1/day,lognormal,-2.995732273553991,1.0,0.0067667641618306355,0.36945280494653254
K_C_exh,1000000.0,cell,lognormal,13.815510557964274,1.0,135335.2832366127,7389056.09893065
ECM_base,60.0,milligram/milliliter,lognormal,4.0943445622221,1.0,8.120116994196763,443.3433659358391
ECM_level,60.0,milligram/milliliter,lognormal,4.0943445622221,1.0,8.120116994196763,443.3433659358391
q_nCD8_LN_in,0.076,1/day,lognormal,-2.5770909129822535,1.2,0.006894564449995351,0.8377614049287617
q_nCD8_P_out,5.1,1/day,lognormal,1.6292405397348104,1.2,0.46266156177600376,56.21819954127216
k_APC_recruit0,100.0,cell/day,lognormal,4.605170185988092,1.0,13.53352832366127,738.905609893065
q_nTreg_LN_in,0.1,1/day,lognormal,-2.3025850929940455,1.2,0.009071795328941252,1.1023176380641602
q_nTreg_P_out,5.1,1/day,lognormal,1.6292405397348104,1.2,0.46266156177600376,56.21819954127216
CD28_CD8X_50,200.0,molecule/micrometer^2,lognormal,5.298317366548036,1.0,27.06705664732254,1477.81121978613
k_APC_death,0.01,1/day,lognormal,-4.605170185988091,0.7,0.0024659696394160647,0.040551999668446745
k_nCD8_death,0.002,1/day,lognormal,-6.214608098422191,1.2,0.00018143590657882503,0.0220463527612832
k_nTreg_death,0.002,1/day,lognormal,-6.214608098422191,1.2,0.00018143590657882503,0.0220463527612832
k_CCL5_sec,2e-12,nanomole/cell/day,lognormal,-26.937873935368604,0.7,4.931939278832129e-13,8.110399933689349e-12
k_CCL5_deg,1.5,1/day,lognormal,0.4054651081081644,0.7,0.36989544591240975,6.082799950267011
CCL5_50_Treg,0.3,nanomolarity,lognormal,-1.2039728043259361,0.7,0.07397908918248194,1.2165599900534023
k_CCR5_Treg_rec,0.0001,1/(centimeter^3*minute),lognormal,-9.210340371976182,1.2,9.071795328941252e-06,0.0011023176380641601
k_CD8_exh_death,0.15,1/day,lognormal,-1.8971199848858813,1.0,0.020300292485491905,1.1083584148395975
k_CCL5_sec_apsc,1e-12,nanomole/cell/day,lognormal,-27.631021115928547,0.7,2.4659696394160647e-13,4.055199966844674e-12
